縣市別,性別,年齡,婚姻狀況,教育程度,人口數
南投縣,女,15~19,未婚,大學及專科,0
南投縣,女,15~19,未婚,碩士以上,0
南投縣,女,15~19,未婚,高中及以下,9289
南投縣,女,15~19,非未婚,大學及專科,0
南投縣,女,15~19,非未婚,碩士以上,0
南投縣,女,15~19,非未婚,高中及以下,73
南投縣,女,20~29,未婚,大學及專科,13842
南投縣,女,20~29,未婚,碩士以上,831
南投縣,女,20~29,未婚,高中及以下,9803
南投縣,女,20~29,非未婚,大學及專科,1806
南投縣,女,20~29,非未婚,碩士以上,53
南投縣,女,20~29,非未婚,高中及以下,2761
南投縣,女,30~39,未婚,大學及專科,8673
南投縣,女,30~39,未婚,碩士以上,1272
南投縣,女,30~39,未婚,高中及以下,3118
南投縣,女,30~39,非未婚,大學及專科,8037
南投縣,女,30~39,非未婚,碩士以上,780
南投縣,女,30~39,非未婚,高中及以下,6485
南投縣,女,40~49,未婚,大學及專科,3830
南投縣,女,40~49,未婚,碩士以上,734
南投縣,女,40~49,未婚,高中及以下,2628
南投縣,女,40~49,非未婚,大學及專科,9250
南投縣,女,40~49,非未婚,碩士以上,1359
南投縣,女,40~49,非未婚,高中及以下,14956
南投縣,女,50~59,未婚,大學及專科,1632
南投縣,女,50~59,未婚,碩士以上,411
南投縣,女,50~59,未婚,高中及以下,2030
南投縣,女,50~59,非未婚,大學及專科,6444
南投縣,女,50~59,非未婚,碩士以上,1241
南投縣,女,50~59,非未婚,高中及以下,22747
南投縣,女,60~69,未婚,大學及專科,621
南投縣,女,60~69,未婚,碩士以上,86
南投縣,女,60~69,未婚,高中及以下,1129
南投縣,女,60~69,非未婚,大學及專科,3976
南投縣,女,60~69,非未婚,碩士以上,431
南投縣,女,60~69,非未婚,高中及以下,21893
南投縣,男,15~19,未婚,大學及專科,0
南投縣,男,15~19,未婚,碩士以上,0
南投縣,男,15~19,未婚,高中及以下,9981
南投縣,男,15~19,非未婚,大學及專科,0
南投縣,男,15~19,非未婚,碩士以上,0
南投縣,男,15~19,非未婚,高中及以下,16
南投縣,男,20~29,未婚,大學及專科,12052
南投縣,男,20~29,未婚,碩士以上,1099
南投縣,男,20~29,未婚,高中及以下,15429
南投縣,男,20~29,非未婚,大學及專科,946
南投縣,男,20~29,非未婚,碩士以上,64
南投縣,男,20~29,非未婚,高中及以下,2342
南投縣,男,30~39,未婚,大學及專科,9491
南投縣,男,30~39,未婚,碩士以上,1852
南投縣,男,30~39,未婚,高中及以下,7656
南投縣,男,30~39,非未婚,大學及專科,6354
南投縣,男,30~39,非未婚,碩士以上,1185
南投縣,男,30~39,非未婚,高中及以下,6876
南投縣,男,40~49,未婚,大學及專科,3708
南投縣,男,40~49,未婚,碩士以上,655
南投縣,男,40~49,未婚,高中及以下,6822
南投縣,男,40~49,非未婚,大學及專科,8250
南投縣,男,40~49,非未婚,碩士以上,2028
南投縣,男,40~49,非未婚,高中及以下,14116
南投縣,男,50~59,未婚,大學及專科,1023
南投縣,男,50~59,未婚,碩士以上,171
南投縣,男,50~59,未婚,高中及以下,3877
南投縣,男,50~59,非未婚,大學及專科,7692
南投縣,男,50~59,非未婚,碩士以上,1927
南投縣,男,50~59,非未婚,高中及以下,21949
南投縣,男,60~69,未婚,大學及專科,305
南投縣,男,60~69,未婚,碩士以上,52
南投縣,男,60~69,未婚,高中及以下,1725
南投縣,男,60~69,非未婚,大學及專科,6464
南投縣,男,60~69,非未婚,碩士以上,1056
南投縣,男,60~69,非未婚,高中及以下,23510
嘉義市,女,15~19,未婚,大學及專科,0
嘉義市,女,15~19,未婚,碩士以上,0
嘉義市,女,15~19,未婚,高中及以下,5765
嘉義市,女,15~19,非未婚,大學及專科,0
嘉義市,女,15~19,非未婚,碩士以上,0
嘉義市,女,15~19,非未婚,高中及以下,14
嘉義市,女,20~29,未婚,大學及專科,8938
嘉義市,女,20~29,未婚,碩士以上,773
嘉義市,女,20~29,未婚,高中及以下,5242
嘉義市,女,20~29,非未婚,大學及專科,950
嘉義市,女,20~29,非未婚,碩士以上,44
嘉義市,女,20~29,非未婚,高中及以下,906
嘉義市,女,30~39,未婚,大學及專科,5188
嘉義市,女,30~39,未婚,碩士以上,1065
嘉義市,女,30~39,未婚,高中及以下,1295
嘉義市,女,30~39,非未婚,大學及專科,5607
嘉義市,女,30~39,非未婚,碩士以上,835
嘉義市,女,30~39,非未婚,高中及以下,2919
嘉義市,女,40~49,未婚,大學及專科,2780
嘉義市,女,40~49,未婚,碩士以上,675
嘉義市,女,40~49,未婚,高中及以下,1329
嘉義市,女,40~49,非未婚,大學及專科,8193
嘉義市,女,40~49,非未婚,碩士以上,1677
嘉義市,女,40~49,非未婚,高中及以下,7133
嘉義市,女,50~59,未婚,大學及專科,1342
嘉義市,女,50~59,未婚,碩士以上,356
嘉義市,女,50~59,未婚,高中及以下,1150
嘉義市,女,50~59,非未婚,大學及專科,6168
嘉義市,女,50~59,非未婚,碩士以上,1365
嘉義市,女,50~59,非未婚,高中及以下,10231
嘉義市,女,60~69,未婚,大學及專科,529
嘉義市,女,60~69,未婚,碩士以上,104
嘉義市,女,60~69,未婚,高中及以下,729
嘉義市,女,60~69,非未婚,大學及專科,3503
嘉義市,女,60~69,非未婚,碩士以上,417
嘉義市,女,60~69,非未婚,高中及以下,9907
嘉義市,男,15~19,未婚,大學及專科,0
嘉義市,男,15~19,未婚,碩士以上,0
嘉義市,男,15~19,未婚,高中及以下,6283
嘉義市,男,15~19,非未婚,大學及專科,0
嘉義市,男,15~19,非未婚,碩士以上,0
嘉義市,男,15~19,非未婚,高中及以下,4
嘉義市,男,20~29,未婚,大學及專科,8077
嘉義市,男,20~29,未婚,碩士以上,1088
嘉義市,男,20~29,未婚,高中及以下,7519
嘉義市,男,20~29,非未婚,大學及專科,506
嘉義市,男,20~29,非未婚,碩士以上,48
嘉義市,男,20~29,非未婚,高中及以下,616
嘉義市,男,30~39,未婚,大學及專科,5578
嘉義市,男,30~39,未婚,碩士以上,1440
嘉義市,男,30~39,未婚,高中及以下,2802
嘉義市,男,30~39,非未婚,大學及專科,3758
嘉義市,男,30~39,非未婚,碩士以上,912
嘉義市,男,30~39,非未婚,高中及以下,2369
嘉義市,男,40~49,未婚,大學及專科,2420
嘉義市,男,40~49,未婚,碩士以上,498
嘉義市,男,40~49,未婚,高中及以下,2816
嘉義市,男,40~49,非未婚,大學及專科,5959
嘉義市,男,40~49,非未婚,碩士以上,1980
嘉義市,男,40~49,非未婚,高中及以下,5462
嘉義市,男,50~59,未婚,大學及專科,862
嘉義市,男,50~59,未婚,碩士以上,178
嘉義市,男,50~59,未婚,高中及以下,1676
嘉義市,男,50~59,非未婚,大學及專科,6003
嘉義市,男,50~59,非未婚,碩士以上,1721
嘉義市,男,50~59,非未婚,高中及以下,7857
嘉義市,男,60~69,未婚,大學及專科,310
嘉義市,男,60~69,未婚,碩士以上,44
嘉義市,男,60~69,未婚,高中及以下,858
嘉義市,男,60~69,非未婚,大學及專科,4973
嘉義市,男,60~69,非未婚,碩士以上,943
嘉義市,男,60~69,非未婚,高中及以下,7999
嘉義縣,女,15~19,未婚,大學及專科,0
嘉義縣,女,15~19,未婚,碩士以上,0
嘉義縣,女,15~19,未婚,高中及以下,8859
嘉義縣,女,15~19,非未婚,大學及專科,0
嘉義縣,女,15~19,非未婚,碩士以上,0
嘉義縣,女,15~19,非未婚,高中及以下,56
嘉義縣,女,20~29,未婚,大學及專科,14455
嘉義縣,女,20~29,未婚,碩士以上,983
嘉義縣,女,20~29,未婚,高中及以下,9769
嘉義縣,女,20~29,非未婚,大學及專科,1782
嘉義縣,女,20~29,非未婚,碩士以上,63
嘉義縣,女,20~29,非未婚,高中及以下,2405
嘉義縣,女,30~39,未婚,大學及專科,8569
嘉義縣,女,30~39,未婚,碩士以上,1191
嘉義縣,女,30~39,未婚,高中及以下,3092
嘉義縣,女,30~39,非未婚,大學及專科,7299
嘉義縣,女,30~39,非未婚,碩士以上,666
嘉義縣,女,30~39,非未婚,高中及以下,6267
嘉義縣,女,40~49,未婚,大學及專科,3816
嘉義縣,女,40~49,未婚,碩士以上,647
嘉義縣,女,40~49,未婚,高中及以下,2763
嘉義縣,女,40~49,非未婚,大學及專科,8592
嘉義縣,女,40~49,非未婚,碩士以上,1048
嘉義縣,女,40~49,非未婚,高中及以下,16073
嘉義縣,女,50~59,未婚,大學及專科,1332
嘉義縣,女,50~59,未婚,碩士以上,283
嘉義縣,女,50~59,未婚,高中及以下,1870
嘉義縣,女,50~59,非未婚,大學及專科,5696
嘉義縣,女,50~59,非未婚,碩士以上,837
嘉義縣,女,50~59,非未婚,高中及以下,23220
嘉義縣,女,60~69,未婚,大學及專科,320
嘉義縣,女,60~69,未婚,碩士以上,49
嘉義縣,女,60~69,未婚,高中及以下,761
嘉義縣,女,60~69,非未婚,大學及專科,2285
嘉義縣,女,60~69,非未婚,碩士以上,235
嘉義縣,女,60~69,非未婚,高中及以下,17999
嘉義縣,男,15~19,未婚,大學及專科,0
嘉義縣,男,15~19,未婚,碩士以上,0
嘉義縣,男,15~19,未婚,高中及以下,9819
嘉義縣,男,15~19,非未婚,大學及專科,0
嘉義縣,男,15~19,非未婚,碩士以上,0
嘉義縣,男,15~19,非未婚,高中及以下,17
嘉義縣,男,20~29,未婚,大學及專科,12919
嘉義縣,男,20~29,未婚,碩士以上,1366
嘉義縣,男,20~29,未婚,高中及以下,15701
嘉義縣,男,20~29,非未婚,大學及專科,1015
嘉義縣,男,20~29,非未婚,碩士以上,70
嘉義縣,男,20~29,非未婚,高中及以下,2030
嘉義縣,男,30~39,未婚,大學及專科,9439
嘉義縣,男,30~39,未婚,碩士以上,1800
嘉義縣,男,30~39,未婚,高中及以下,7742
嘉義縣,男,30~39,非未婚,大學及專科,6144
嘉義縣,男,30~39,非未婚,碩士以上,1055
嘉義縣,男,30~39,非未婚,高中及以下,6495
嘉義縣,男,40~49,未婚,大學及專科,3417
嘉義縣,男,40~49,未婚,碩士以上,535
嘉義縣,男,40~49,未婚,高中及以下,7355
嘉義縣,男,40~49,非未婚,大學及專科,7644
嘉義縣,男,40~49,非未婚,碩士以上,1655
嘉義縣,男,40~49,非未婚,高中及以下,15645
嘉義縣,男,50~59,未婚,大學及專科,1054
嘉義縣,男,50~59,未婚,碩士以上,134
嘉義縣,男,50~59,未婚,高中及以下,4442
嘉義縣,男,50~59,非未婚,大學及專科,7605
嘉義縣,男,50~59,非未婚,碩士以上,1520
嘉義縣,男,50~59,非未婚,高中及以下,25808
嘉義縣,男,60~69,未婚,大學及專科,262
嘉義縣,男,60~69,未婚,碩士以上,20
嘉義縣,男,60~69,未婚,高中及以下,1979
嘉義縣,男,60~69,非未婚,大學及專科,5255
嘉義縣,男,60~69,非未婚,碩士以上,704
嘉義縣,男,60~69,非未婚,高中及以下,24903
基隆市,女,15~19,未婚,大學及專科,0
基隆市,女,15~19,未婚,碩士以上,0
基隆市,女,15~19,未婚,高中及以下,6359
基隆市,女,15~19,非未婚,大學及專科,0
基隆市,女,15~19,非未婚,碩士以上,0
基隆市,女,15~19,非未婚,高中及以下,29
基隆市,女,20~29,未婚,大學及專科,10981
基隆市,女,20~29,未婚,碩士以上,748
基隆市,女,20~29,未婚,高中及以下,6879
基隆市,女,20~29,非未婚,大學及專科,1049
基隆市,女,20~29,非未婚,碩士以上,49
基隆市,女,20~29,非未婚,高中及以下,1575
基隆市,女,30~39,未婚,大學及專科,7664
基隆市,女,30~39,未婚,碩士以上,1113
基隆市,女,30~39,未婚,高中及以下,2366
基隆市,女,30~39,非未婚,大學及專科,6350
基隆市,女,30~39,非未婚,碩士以上,737
基隆市,女,30~39,非未婚,高中及以下,3988
基隆市,女,40~49,未婚,大學及專科,3918
基隆市,女,40~49,未婚,碩士以上,604
基隆市,女,40~49,未婚,高中及以下,2075
基隆市,女,40~49,非未婚,大學及專科,9279
基隆市,女,40~49,非未婚,碩士以上,1244
基隆市,女,40~49,非未婚,高中及以下,10147
基隆市,女,50~59,未婚,大學及專科,1947
基隆市,女,50~59,未婚,碩士以上,333
基隆市,女,50~59,未婚,高中及以下,2005
基隆市,女,50~59,非未婚,大學及專科,6655
基隆市,女,50~59,非未婚,碩士以上,924
基隆市,女,50~59,非未婚,高中及以下,17048
基隆市,女,60~69,未婚,大學及專科,731
基隆市,女,60~69,未婚,碩士以上,91
基隆市,女,60~69,未婚,高中及以下,1409
基隆市,女,60~69,非未婚,大學及專科,3994
基隆市,女,60~69,非未婚,碩士以上,308
基隆市,女,60~69,非未婚,高中及以下,18108
基隆市,男,15~19,未婚,大學及專科,0
基隆市,男,15~19,未婚,碩士以上,0
基隆市,男,15~19,未婚,高中及以下,6997
基隆市,男,15~19,非未婚,大學及專科,0
基隆市,男,15~19,非未婚,碩士以上,0
基隆市,男,15~19,非未婚,高中及以下,8
基隆市,男,20~29,未婚,大學及專科,9659
基隆市,男,20~29,未婚,碩士以上,1180
基隆市,男,20~29,未婚,高中及以下,10679
基隆市,男,20~29,非未婚,大學及專科,570
基隆市,男,20~29,非未婚,碩士以上,49
基隆市,男,20~29,非未婚,高中及以下,1263
基隆市,男,30~39,未婚,大學及專科,8399
基隆市,男,30~39,未婚,碩士以上,1677
基隆市,男,30~39,未婚,高中及以下,5418
基隆市,男,30~39,非未婚,大學及專科,4717
基隆市,男,30~39,非未婚,碩士以上,1026
基隆市,男,30~39,非未婚,高中及以下,3856
基隆市,男,40~49,未婚,大學及專科,3659
基隆市,男,40~49,未婚,碩士以上,626
基隆市,男,40~49,未婚,高中及以下,4994
基隆市,男,40~49,非未婚,大學及專科,7715
基隆市,男,40~49,非未婚,碩士以上,1921
基隆市,男,40~49,非未婚,高中及以下,8799
基隆市,男,50~59,未婚,大學及專科,1430
基隆市,男,50~59,未婚,碩士以上,202
基隆市,男,50~59,未婚,高中及以下,3627
基隆市,男,50~59,非未婚,大學及專科,7305
基隆市,男,50~59,非未婚,碩士以上,1512
基隆市,男,50~59,非未婚,高中及以下,14628
基隆市,男,60~69,未婚,大學及專科,543
基隆市,男,60~69,未婚,碩士以上,62
基隆市,男,60~69,未婚,高中及以下,1921
基隆市,男,60~69,非未婚,大學及專科,5863
基隆市,男,60~69,非未婚,碩士以上,896
基隆市,男,60~69,非未婚,高中及以下,16526
宜蘭縣,女,15~19,未婚,大學及專科,0
宜蘭縣,女,15~19,未婚,碩士以上,0
宜蘭縣,女,15~19,未婚,高中及以下,8782
宜蘭縣,女,15~19,非未婚,大學及專科,0
宜蘭縣,女,15~19,非未婚,碩士以上,0
宜蘭縣,女,15~19,非未婚,高中及以下,50
宜蘭縣,女,20~29,未婚,大學及專科,14061
宜蘭縣,女,20~29,未婚,碩士以上,892
宜蘭縣,女,20~29,未婚,高中及以下,8338
宜蘭縣,女,20~29,非未婚,大學及專科,1866
宜蘭縣,女,20~29,非未婚,碩士以上,59
宜蘭縣,女,20~29,非未婚,高中及以下,2268
宜蘭縣,女,30~39,未婚,大學及專科,8769
宜蘭縣,女,30~39,未婚,碩士以上,1283
宜蘭縣,女,30~39,未婚,高中及以下,2665
宜蘭縣,女,30~39,非未婚,大學及專科,9019
宜蘭縣,女,30~39,非未婚,碩士以上,905
宜蘭縣,女,30~39,非未婚,高中及以下,5941
宜蘭縣,女,40~49,未婚,大學及專科,3894
宜蘭縣,女,40~49,未婚,碩士以上,704
宜蘭縣,女,40~49,未婚,高中及以下,2429
宜蘭縣,女,40~49,非未婚,大學及專科,11081
宜蘭縣,女,40~49,非未婚,碩士以上,1826
宜蘭縣,女,40~49,非未婚,高中及以下,13437
宜蘭縣,女,50~59,未婚,大學及專科,1433
宜蘭縣,女,50~59,未婚,碩士以上,322
宜蘭縣,女,50~59,未婚,高中及以下,1919
宜蘭縣,女,50~59,非未婚,大學及專科,6843
宜蘭縣,女,50~59,非未婚,碩士以上,1222
宜蘭縣,女,50~59,非未婚,高中及以下,21733
宜蘭縣,女,60~69,未婚,大學及專科,459
宜蘭縣,女,60~69,未婚,碩士以上,55
宜蘭縣,女,60~69,未婚,高中及以下,1065
宜蘭縣,女,60~69,非未婚,大學及專科,3369
宜蘭縣,女,60~69,非未婚,碩士以上,315
宜蘭縣,女,60~69,非未婚,高中及以下,20158
宜蘭縣,男,15~19,未婚,大學及專科,0
宜蘭縣,男,15~19,未婚,碩士以上,0
宜蘭縣,男,15~19,未婚,高中及以下,9412
宜蘭縣,男,15~19,非未婚,大學及專科,0
宜蘭縣,男,15~19,非未婚,碩士以上,0
宜蘭縣,男,15~19,非未婚,高中及以下,17
宜蘭縣,男,20~29,未婚,大學及專科,11786
宜蘭縣,男,20~29,未婚,碩士以上,1417
宜蘭縣,男,20~29,未婚,高中及以下,14026
宜蘭縣,男,20~29,非未婚,大學及專科,842
宜蘭縣,男,20~29,非未婚,碩士以上,67
宜蘭縣,男,20~29,非未婚,高中及以下,2054
宜蘭縣,男,30~39,未婚,大學及專科,9176
宜蘭縣,男,30~39,未婚,碩士以上,2015
宜蘭縣,男,30~39,未婚,高中及以下,6552
宜蘭縣,男,30~39,非未婚,大學及專科,6618
宜蘭縣,男,30~39,非未婚,碩士以上,1400
宜蘭縣,男,30~39,非未婚,高中及以下,5870
宜蘭縣,男,40~49,未婚,大學及專科,3740
宜蘭縣,男,40~49,未婚,碩士以上,697
宜蘭縣,男,40~49,未婚,高中及以下,5590
宜蘭縣,男,40~49,非未婚,大學及專科,9119
宜蘭縣,男,40~49,非未婚,碩士以上,2528
宜蘭縣,男,40~49,非未婚,高中及以下,12216
宜蘭縣,男,50~59,未婚,大學及專科,1059
宜蘭縣,男,50~59,未婚,碩士以上,188
宜蘭縣,男,50~59,未婚,高中及以下,3277
宜蘭縣,男,50~59,非未婚,大學及專科,8462
宜蘭縣,男,50~59,非未婚,碩士以上,2116
宜蘭縣,男,50~59,非未婚,高中及以下,19678
宜蘭縣,男,60~69,未婚,大學及專科,281
宜蘭縣,男,60~69,未婚,碩士以上,42
宜蘭縣,男,60~69,未婚,高中及以下,1442
宜蘭縣,男,60~69,非未婚,大學及專科,5630
宜蘭縣,男,60~69,非未婚,碩士以上,875
宜蘭縣,男,60~69,非未婚,高中及以下,20523
屏東縣,女,15~19,未婚,大學及專科,0
屏東縣,女,15~19,未婚,碩士以上,0
屏東縣,女,15~19,未婚,高中及以下,14549
屏東縣,女,15~19,非未婚,大學及專科,0
屏東縣,女,15~19,非未婚,碩士以上,0
屏東縣,女,15~19,非未婚,高中及以下,88
屏東縣,女,20~29,未婚,大學及專科,23133
屏東縣,女,20~29,未婚,碩士以上,1275
屏東縣,女,20~29,未婚,高中及以下,16333
屏東縣,女,20~29,非未婚,大學及專科,3075
屏東縣,女,20~29,非未婚,碩士以上,84
屏東縣,女,20~29,非未婚,高中及以下,4746
屏東縣,女,30~39,未婚,大學及專科,14742
屏東縣,女,30~39,未婚,碩士以上,2056
屏東縣,女,30~39,未婚,高中及以下,5561
屏東縣,女,30~39,非未婚,大學及專科,13616
屏東縣,女,30~39,非未婚,碩士以上,1211
屏東縣,女,30~39,非未婚,高中及以下,10941
屏東縣,女,40~49,未婚,大學及專科,7331
屏東縣,女,40~49,未婚,碩士以上,1270
屏東縣,女,40~49,未婚,高中及以下,4820
屏東縣,女,40~49,非未婚,大學及專科,16677
屏東縣,女,40~49,非未婚,碩士以上,2110
屏東縣,女,40~49,非未婚,高中及以下,25838
屏東縣,女,50~59,未婚,大學及專科,2735
屏東縣,女,50~59,未婚,碩士以上,658
屏東縣,女,50~59,未婚,高中及以下,3468
屏東縣,女,50~59,非未婚,大學及專科,10898
屏東縣,女,50~59,非未婚,碩士以上,1866
屏東縣,女,50~59,非未婚,高中及以下,38671
屏東縣,女,60~69,未婚,大學及專科,785
屏東縣,女,60~69,未婚,碩士以上,154
屏東縣,女,60~69,未婚,高中及以下,1658
屏東縣,女,60~69,非未婚,大學及專科,5604
屏東縣,女,60~69,非未婚,碩士以上,559
屏東縣,女,60~69,非未婚,高中及以下,34949
屏東縣,男,15~19,未婚,大學及專科,0
屏東縣,男,15~19,未婚,碩士以上,0
屏東縣,男,15~19,未婚,高中及以下,16072
屏東縣,男,15~19,非未婚,大學及專科,0
屏東縣,男,15~19,非未婚,碩士以上,0
屏東縣,男,15~19,非未婚,高中及以下,30
屏東縣,男,20~29,未婚,大學及專科,19155
屏東縣,男,20~29,未婚,碩士以上,1677
屏東縣,男,20~29,未婚,高中及以下,27078
屏東縣,男,20~29,非未婚,大學及專科,1502
屏東縣,男,20~29,非未婚,碩士以上,71
屏東縣,男,20~29,非未婚,高中及以下,4274
屏東縣,男,30~39,未婚,大學及專科,15005
屏東縣,男,30~39,未婚,碩士以上,2899
屏東縣,男,30~39,未婚,高中及以下,13998
屏東縣,男,30~39,非未婚,大學及專科,9741
屏東縣,男,30~39,非未婚,碩士以上,1661
屏東縣,男,30~39,非未婚,高中及以下,11709
屏東縣,男,40~49,未婚,大學及專科,6696
屏東縣,男,40~49,未婚,碩士以上,1143
屏東縣,男,40~49,未婚,高中及以下,12938
屏東縣,男,40~49,非未婚,大學及專科,13506
屏東縣,男,40~49,非未婚,碩士以上,3097
屏東縣,男,40~49,非未婚,高中及以下,25035
屏東縣,男,50~59,未婚,大學及專科,2050
屏東縣,男,50~59,未婚,碩士以上,332
屏東縣,男,50~59,未婚,高中及以下,7571
屏東縣,男,50~59,非未婚,大學及專科,13208
屏東縣,男,50~59,非未婚,碩士以上,2876
屏東縣,男,50~59,非未婚,高中及以下,36315
屏東縣,男,60~69,未婚,大學及專科,587
屏東縣,男,60~69,未婚,碩士以上,59
屏東縣,男,60~69,未婚,高中及以下,3339
屏東縣,男,60~69,非未婚,大學及專科,10560
屏東縣,男,60~69,非未婚,碩士以上,1554
屏東縣,男,60~69,非未婚,高中及以下,34947
彰化縣,女,15~19,未婚,大學及專科,0
彰化縣,女,15~19,未婚,碩士以上,0
彰化縣,女,15~19,未婚,高中及以下,25414
彰化縣,女,15~19,非未婚,大學及專科,0
彰化縣,女,15~19,非未婚,碩士以上,0
彰化縣,女,15~19,非未婚,高中及以下,115
彰化縣,女,20~29,未婚,大學及專科,38408
彰化縣,女,20~29,未婚,碩士以上,2664
彰化縣,女,20~29,未婚,高中及以下,24396
彰化縣,女,20~29,非未婚,大學及專科,5651
彰化縣,女,20~29,非未婚,碩士以上,198
彰化縣,女,20~29,非未婚,高中及以下,6145
彰化縣,女,30~39,未婚,大學及專科,23425
彰化縣,女,30~39,未婚,碩士以上,3496
彰化縣,女,30~39,未婚,高中及以下,6945
彰化縣,女,30~39,非未婚,大學及專科,28987
彰化縣,女,30~39,非未婚,碩士以上,2784
彰化縣,女,30~39,非未婚,高中及以下,16948
彰化縣,女,40~49,未婚,大學及專科,11098
彰化縣,女,40~49,未婚,碩士以上,1978
彰化縣,女,40~49,未婚,高中及以下,6785
彰化縣,女,40~49,非未婚,大學及專科,30609
彰化縣,女,40~49,非未婚,碩士以上,3926
彰化縣,女,40~49,非未婚,高中及以下,39774
彰化縣,女,50~59,未婚,大學及專科,3810
彰化縣,女,50~59,未婚,碩士以上,782
彰化縣,女,50~59,未婚,高中及以下,4212
彰化縣,女,50~59,非未婚,大學及專科,16141
彰化縣,女,50~59,非未婚,碩士以上,2424
彰化縣,女,50~59,非未婚,高中及以下,54006
彰化縣,女,60~69,未婚,大學及專科,984
彰化縣,女,60~69,未婚,碩士以上,126
彰化縣,女,60~69,未婚,高中及以下,1911
彰化縣,女,60~69,非未婚,大學及專科,7111
彰化縣,女,60~69,非未婚,碩士以上,633
彰化縣,女,60~69,非未婚,高中及以下,44796
彰化縣,男,15~19,未婚,大學及專科,0
彰化縣,男,15~19,未婚,碩士以上,0
彰化縣,男,15~19,未婚,高中及以下,28361
彰化縣,男,15~19,非未婚,大學及專科,0
彰化縣,男,15~19,非未婚,碩士以上,0
彰化縣,男,15~19,非未婚,高中及以下,39
彰化縣,男,20~29,未婚,大學及專科,34359
彰化縣,男,20~29,未婚,碩士以上,4160
彰化縣,男,20~29,未婚,高中及以下,38126
彰化縣,男,20~29,非未婚,大學及專科,2769
彰化縣,男,20~29,非未婚,碩士以上,235
彰化縣,男,20~29,非未婚,高中及以下,4734
彰化縣,男,30~39,未婚,大學及專科,26870
彰化縣,男,30~39,未婚,碩士以上,5628
彰化縣,男,30~39,未婚,高中及以下,17696
彰化縣,男,30~39,非未婚,大學及專科,20435
彰化縣,男,30~39,非未婚,碩士以上,4165
彰化縣,男,30~39,非未婚,高中及以下,15918
彰化縣,男,40~49,未婚,大學及專科,10180
彰化縣,男,40~49,未婚,碩士以上,1700
彰化縣,男,40~49,未婚,高中及以下,16671
彰化縣,男,40~49,非未婚,大學及專科,26971
彰化縣,男,40~49,非未婚,碩士以上,6111
彰化縣,男,40~49,非未婚,高中及以下,38707
彰化縣,男,50~59,未婚,大學及專科,2608
彰化縣,男,50~59,未婚,碩士以上,374
彰化縣,男,50~59,未婚,高中及以下,8063
彰化縣,男,50~59,非未婚,大學及專科,19881
彰化縣,男,50~59,非未婚,碩士以上,4397
彰化縣,男,50~59,非未婚,高中及以下,53272
彰化縣,男,60~69,未婚,大學及專科,528
彰化縣,男,60~69,未婚,碩士以上,58
彰化縣,男,60~69,未婚,高中及以下,3082
彰化縣,男,60~69,非未婚,大學及專科,12384
彰化縣,男,60~69,非未婚,碩士以上,1754
彰化縣,男,60~69,非未婚,高中及以下,53113
新北市,女,15~19,未婚,大學及專科,0
新北市,女,15~19,未婚,碩士以上,0
新北市,女,15~19,未婚,高中及以下,75710
新北市,女,15~19,非未婚,大學及專科,0
新北市,女,15~19,非未婚,碩士以上,0
新北市,女,15~19,非未婚,高中及以下,197
新北市,女,20~29,未婚,大學及專科,118521
新北市,女,20~29,未婚,碩士以上,8049
新北市,女,20~29,未婚,高中及以下,77528
新北市,女,20~29,非未婚,大學及專科,11716
新北市,女,20~29,非未婚,碩士以上,616
新北市,女,20~29,非未婚,高中及以下,12660
新北市,女,30~39,未婚,大學及專科,89162
新北市,女,30~39,未婚,碩士以上,13418
新北市,女,30~39,未婚,高中及以下,27707
新北市,女,30~39,非未婚,大學及專科,87954
新北市,女,30~39,非未婚,碩士以上,13662
新北市,女,30~39,非未婚,高中及以下,43614
新北市,女,40~49,未婚,大學及專科,50021
新北市,女,40~49,未婚,碩士以上,8900
新北市,女,40~49,未婚,高中及以下,25697
新北市,女,40~49,非未婚,大學及專科,135715
新北市,女,40~49,非未婚,碩士以上,21640
新北市,女,40~49,非未婚,高中及以下,109056
新北市,女,50~59,未婚,大學及專科,23828
新北市,女,50~59,未婚,碩士以上,5174
新北市,女,50~59,未婚,高中及以下,20347
新北市,女,50~59,非未婚,大學及專科,90254
新北市,女,50~59,非未婚,碩士以上,14620
新北市,女,50~59,非未婚,高中及以下,169074
新北市,女,60~69,未婚,大學及專科,8748
新北市,女,60~69,未婚,碩士以上,1524
新北市,女,60~69,未婚,高中及以下,13231
新北市,女,60~69,非未婚,大學及專科,51019
新北市,女,60~69,非未婚,碩士以上,5228
新北市,女,60~69,非未婚,高中及以下,197559
新北市,男,15~19,未婚,大學及專科,0
新北市,男,15~19,未婚,碩士以上,0
新北市,男,15~19,未婚,高中及以下,83045
新北市,男,15~19,非未婚,大學及專科,0
新北市,男,15~19,非未婚,碩士以上,0
新北市,男,15~19,非未婚,高中及以下,50
新北市,男,20~29,未婚,大學及專科,105948
新北市,男,20~29,未婚,碩士以上,13289
新北市,男,20~29,未婚,高中及以下,112114
新北市,男,20~29,非未婚,大學及專科,5748
新北市,男,20~29,非未婚,碩士以上,697
新北市,男,20~29,非未婚,高中及以下,9481
新北市,男,30~39,未婚,大學及專科,92012
新北市,男,30~39,未婚,碩士以上,21958
新北市,男,30~39,未婚,高中及以下,57725
新北市,男,30~39,非未婚,大學及專科,57800
新北市,男,30~39,非未婚,碩士以上,18627
新北市,男,30~39,非未婚,高中及以下,38940
新北市,男,40~49,未婚,大學及專科,43115
新北市,男,40~49,未婚,碩士以上,8803
新北市,男,40~49,未婚,高中及以下,51287
新北市,男,40~49,非未婚,大學及專科,105334
新北市,男,40~49,非未婚,碩士以上,34482
新北市,男,40~49,非未婚,高中及以下,95263
新北市,男,50~59,未婚,大學及專科,14302
新北市,男,50~59,未婚,碩士以上,2860
新北市,男,50~59,未婚,高中及以下,27243
新北市,男,50~59,非未婚,大學及專科,86822
新北市,男,50~59,非未婚,碩士以上,25318
新北市,男,50~59,非未婚,高中及以下,133507
新北市,男,60~69,未婚,大學及專科,4266
新北市,男,60~69,未婚,碩士以上,854
新北市,男,60~69,未婚,高中及以下,12516
新北市,男,60~69,非未婚,大學及專科,65019
新北市,男,60~69,非未婚,碩士以上,12530
新北市,男,60~69,非未婚,高中及以下,152545
新竹市,女,15~19,未婚,大學及專科,0
新竹市,女,15~19,未婚,碩士以上,0
新竹市,女,15~19,未婚,高中及以下,10342
新竹市,女,15~19,非未婚,大學及專科,0
新竹市,女,15~19,非未婚,碩士以上,0
新竹市,女,15~19,非未婚,高中及以下,29
新竹市,女,20~29,未婚,大學及專科,12084
新竹市,女,20~29,未婚,碩士以上,1542
新竹市,女,20~29,未婚,高中及以下,8581
新竹市,女,20~29,非未婚,大學及專科,1595
新竹市,女,20~29,非未婚,碩士以上,191
新竹市,女,20~29,非未婚,高中及以下,1495
新竹市,女,30~39,未婚,大學及專科,7096
新竹市,女,30~39,未婚,碩士以上,1883
新竹市,女,30~39,未婚,高中及以下,2072
新竹市,女,30~39,非未婚,大學及專科,11812
新竹市,女,30~39,非未婚,碩士以上,3646
新竹市,女,30~39,非未婚,高中及以下,4729
新竹市,女,40~49,未婚,大學及專科,3855
新竹市,女,40~49,未婚,碩士以上,983
新竹市,女,40~49,未婚,高中及以下,1829
新竹市,女,40~49,非未婚,大學及專科,19700
新竹市,女,40~49,非未婚,碩士以上,5429
新竹市,女,40~49,非未婚,高中及以下,10518
新竹市,女,50~59,未婚,大學及專科,1933
新竹市,女,50~59,未婚,碩士以上,518
新竹市,女,50~59,未婚,高中及以下,1356
新竹市,女,50~59,非未婚,大學及專科,11266
新竹市,女,50~59,非未婚,碩士以上,2940
新竹市,女,50~59,非未婚,高中及以下,14382
新竹市,女,60~69,未婚,大學及專科,703
新竹市,女,60~69,未婚,碩士以上,167
新竹市,女,60~69,未婚,高中及以下,948
新竹市,女,60~69,非未婚,大學及專科,5314
新竹市,女,60~69,非未婚,碩士以上,872
新竹市,女,60~69,非未婚,高中及以下,15008
新竹市,男,15~19,未婚,大學及專科,0
新竹市,男,15~19,未婚,碩士以上,0
新竹市,男,15~19,未婚,高中及以下,11432
新竹市,男,15~19,非未婚,大學及專科,0
新竹市,男,15~19,非未婚,碩士以上,0
新竹市,男,15~19,非未婚,高中及以下,9
新竹市,男,20~29,未婚,大學及專科,11004
新竹市,男,20~29,未婚,碩士以上,2434
新竹市,男,20~29,未婚,高中及以下,12248
新竹市,男,20~29,非未婚,大學及專科,727
新竹市,男,20~29,非未婚,碩士以上,207
新竹市,男,20~29,非未婚,高中及以下,1100
新竹市,男,30~39,未婚,大學及專科,7828
新竹市,男,30~39,未婚,碩士以上,3562
新竹市,男,30~39,未婚,高中及以下,4549
新竹市,男,30~39,非未婚,大學及專科,6365
新竹市,男,30~39,非未婚,碩士以上,5562
新竹市,男,30~39,非未婚,高中及以下,3831
新竹市,男,40~49,未婚,大學及專科,3824
新竹市,男,40~49,未婚,碩士以上,1271
新竹市,男,40~49,未婚,高中及以下,3931
新竹市,男,40~49,非未婚,大學及專科,13093
新竹市,男,40~49,非未婚,碩士以上,10485
新竹市,男,40~49,非未婚,高中及以下,7955
新竹市,男,50~59,未婚,大學及專科,1277
新竹市,男,50~59,未婚,碩士以上,384
新竹市,男,50~59,未婚,高中及以下,2122
新竹市,男,50~59,非未婚,大學及專科,10141
新竹市,男,50~59,非未婚,碩士以上,6714
新竹市,男,50~59,非未婚,高中及以下,10708
新竹市,男,60~69,未婚,大學及專科,356
新竹市,男,60~69,未婚,碩士以上,92
新竹市,男,60~69,未婚,高中及以下,947
新竹市,男,60~69,非未婚,大學及專科,7224
新竹市,男,60~69,非未婚,碩士以上,2647
新竹市,男,60~69,非未婚,高中及以下,11442
新竹縣,女,15~19,未婚,大學及專科,0
新竹縣,女,15~19,未婚,碩士以上,0
新竹縣,女,15~19,未婚,高中及以下,13485
新竹縣,女,15~19,非未婚,大學及專科,0
新竹縣,女,15~19,非未婚,碩士以上,0
新竹縣,女,15~19,非未婚,高中及以下,76
新竹縣,女,20~29,未婚,大學及專科,16304
新竹縣,女,20~29,未婚,碩士以上,1551
新竹縣,女,20~29,未婚,高中及以下,11348
新竹縣,女,20~29,非未婚,大學及專科,2668
新竹縣,女,20~29,非未婚,碩士以上,204
新竹縣,女,20~29,非未婚,高中及以下,2739
新竹縣,女,30~39,未婚,大學及專科,8847
新竹縣,女,30~39,未婚,碩士以上,1836
新竹縣,女,30~39,未婚,高中及以下,2666
新竹縣,女,30~39,非未婚,大學及專科,15891
新竹縣,女,30~39,非未婚,碩士以上,3936
新竹縣,女,30~39,非未婚,高中及以下,7025
新竹縣,女,40~49,未婚,大學及專科,4092
新竹縣,女,40~49,未婚,碩士以上,815
新竹縣,女,40~49,未婚,高中及以下,2057
新竹縣,女,40~49,非未婚,大學及專科,23544
新竹縣,女,40~49,非未婚,碩士以上,5227
新竹縣,女,40~49,非未婚,高中及以下,16047
新竹縣,女,50~59,未婚,大學及專科,1618
新竹縣,女,50~59,未婚,碩士以上,380
新竹縣,女,50~59,未婚,高中及以下,1259
新竹縣,女,50~59,非未婚,大學及專科,12503
新竹縣,女,50~59,非未婚,碩士以上,2661
新竹縣,女,50~59,非未婚,高中及以下,21460
新竹縣,女,60~69,未婚,大學及專科,433
新竹縣,女,60~69,未婚,碩士以上,77
新竹縣,女,60~69,未婚,高中及以下,692
新竹縣,女,60~69,非未婚,大學及專科,4402
新竹縣,女,60~69,非未婚,碩士以上,594
新竹縣,女,60~69,非未婚,高中及以下,20346
新竹縣,男,15~19,未婚,大學及專科,0
新竹縣,男,15~19,未婚,碩士以上,0
新竹縣,男,15~19,未婚,高中及以下,14937
新竹縣,男,15~19,非未婚,大學及專科,0
新竹縣,男,15~19,非未婚,碩士以上,0
新竹縣,男,15~19,非未婚,高中及以下,16
新竹縣,男,20~29,未婚,大學及專科,14696
新竹縣,男,20~29,未婚,碩士以上,2559
新竹縣,男,20~29,未婚,高中及以下,17669
新竹縣,男,20~29,非未婚,大學及專科,1247
新竹縣,男,20~29,非未婚,碩士以上,277
新竹縣,男,20~29,非未婚,高中及以下,2199
新竹縣,男,30~39,未婚,大學及專科,10850
新竹縣,男,30~39,未婚,碩士以上,3851
新竹縣,男,30~39,未婚,高中及以下,6962
新竹縣,男,30~39,非未婚,大學及專科,9719
新竹縣,男,30~39,非未婚,碩士以上,6952
新竹縣,男,30~39,非未婚,高中及以下,6102
新竹縣,男,40~49,未婚,大學及專科,4594
新竹縣,男,40~49,未婚,碩士以上,1325
新竹縣,男,40~49,未婚,高中及以下,5119
新竹縣,男,40~49,非未婚,大學及專科,17811
新竹縣,男,40~49,非未婚,碩士以上,10472
新竹縣,男,40~49,非未婚,高中及以下,12212
新竹縣,男,50~59,未婚,大學及專科,1288
新竹縣,男,50~59,未婚,碩士以上,326
新竹縣,男,50~59,未婚,高中及以下,2621
新竹縣,男,50~59,非未婚,大學及專科,13913
新竹縣,男,50~59,非未婚,碩士以上,6274
新竹縣,男,50~59,非未婚,高中及以下,18032
新竹縣,男,60~69,未婚,大學及專科,324
新竹縣,男,60~69,未婚,碩士以上,62
新竹縣,男,60~69,未婚,高中及以下,1142
新竹縣,男,60~69,非未婚,大學及專科,8295
新竹縣,男,60~69,非未婚,碩士以上,2029
新竹縣,男,60~69,非未婚,高中及以下,19342
桃園市,女,15~19,未婚,大學及專科,0
桃園市,女,15~19,未婚,碩士以上,0
桃園市,女,15~19,未婚,高中及以下,48988
桃園市,女,15~19,非未婚,大學及專科,0
桃園市,女,15~19,非未婚,碩士以上,0
桃園市,女,15~19,非未婚,高中及以下,221
桃園市,女,20~29,未婚,大學及專科,69748
桃園市,女,20~29,未婚,碩士以上,4896
桃園市,女,20~29,未婚,高中及以下,46945
桃園市,女,20~29,非未婚,大學及專科,11203
桃園市,女,20~29,非未婚,碩士以上,587
桃園市,女,20~29,非未婚,高中及以下,11573
桃園市,女,30~39,未婚,大學及專科,41511
桃園市,女,30~39,未婚,碩士以上,6673
桃園市,女,30~39,未婚,高中及以下,13470
桃園市,女,30~39,非未婚,大學及專科,64522
桃園市,女,30~39,非未婚,碩士以上,9287
桃園市,女,30~39,非未婚,高中及以下,33963
桃園市,女,40~49,未婚,大學及專科,18692
桃園市,女,40~49,未婚,碩士以上,3517
桃園市,女,40~49,未婚,高中及以下,11355
桃園市,女,40~49,非未婚,大學及專科,78832
桃園市,女,40~49,非未婚,碩士以上,12268
桃園市,女,40~49,非未婚,高中及以下,74094
桃園市,女,50~59,未婚,大學及專科,7914
桃園市,女,50~59,未婚,碩士以上,1638
桃園市,女,50~59,未婚,高中及以下,7531
桃園市,女,50~59,非未婚,大學及專科,45882
桃園市,女,50~59,非未婚,碩士以上,7437
桃園市,女,50~59,非未婚,高中及以下,97052
桃園市,女,60~69,未婚,大學及專科,2407
桃園市,女,60~69,未婚,碩士以上,426
桃園市,女,60~69,未婚,高中及以下,4317
桃園市,女,60~69,非未婚,大學及專科,20791
桃園市,女,60~69,非未婚,碩士以上,2057
桃園市,女,60~69,非未婚,高中及以下,91159
桃園市,男,15~19,未婚,大學及專科,0
桃園市,男,15~19,未婚,碩士以上,0
桃園市,男,15~19,未婚,高中及以下,54365
桃園市,男,15~19,非未婚,大學及專科,0
桃園市,男,15~19,非未婚,碩士以上,0
桃園市,男,15~19,非未婚,高中及以下,53
桃園市,男,20~29,未婚,大學及專科,62003
桃園市,男,20~29,未婚,碩士以上,8169
桃園市,男,20~29,未婚,高中及以下,70658
桃園市,男,20~29,非未婚,大學及專科,5344
桃園市,男,20~29,非未婚,碩士以上,542
桃園市,男,20~29,非未婚,高中及以下,8347
桃園市,男,30~39,未婚,大學及專科,46582
桃園市,男,30~39,未婚,碩士以上,11447
桃園市,男,30~39,未婚,高中及以下,31569
桃園市,男,30~39,非未婚,大學及專科,40996
桃園市,男,30~39,非未婚,碩士以上,13133
桃園市,男,30~39,非未婚,高中及以下,29274
桃園市,男,40~49,未婚,大學及專科,18977
桃園市,男,40~49,未婚,碩士以上,3766
桃園市,男,40~49,未婚,高中及以下,24762
桃園市,男,40~49,非未婚,大學及專科,64270
桃園市,男,40~49,非未婚,碩士以上,20428
桃園市,男,40~49,非未婚,高中及以下,60610
桃園市,男,50~59,未婚,大學及專科,5994
桃園市,男,50~59,未婚,碩士以上,1059
桃園市,男,50~59,未婚,高中及以下,11905
桃園市,男,50~59,非未婚,大學及專科,50638
桃園市,男,50~59,非未婚,碩士以上,13455
桃園市,男,50~59,非未婚,高中及以下,76075
桃園市,男,60~69,未婚,大學及專科,1482
桃園市,男,60~69,未婚,碩士以上,234
桃園市,男,60~69,未婚,高中及以下,4598
桃園市,男,60~69,非未婚,大學及專科,34617
桃園市,男,60~69,非未婚,碩士以上,6183
桃園市,男,60~69,非未婚,高中及以下,77327
澎湖縣,女,15~19,未婚,大學及專科,0
澎湖縣,女,15~19,未婚,碩士以上,0
澎湖縣,女,15~19,未婚,高中及以下,2013
澎湖縣,女,15~19,非未婚,大學及專科,0
澎湖縣,女,15~19,非未婚,碩士以上,0
澎湖縣,女,15~19,非未婚,高中及以下,10
澎湖縣,女,20~29,未婚,大學及專科,3279
澎湖縣,女,20~29,未婚,碩士以上,176
澎湖縣,女,20~29,未婚,高中及以下,2509
澎湖縣,女,20~29,非未婚,大學及專科,516
澎湖縣,女,20~29,非未婚,碩士以上,17
澎湖縣,女,20~29,非未婚,高中及以下,653
澎湖縣,女,30~39,未婚,大學及專科,1964
澎湖縣,女,30~39,未婚,碩士以上,333
澎湖縣,女,30~39,未婚,高中及以下,688
澎湖縣,女,30~39,非未婚,大學及專科,2396
澎湖縣,女,30~39,非未婚,碩士以上,297
澎湖縣,女,30~39,非未婚,高中及以下,1548
澎湖縣,女,40~49,未婚,大學及專科,838
澎湖縣,女,40~49,未婚,碩士以上,213
澎湖縣,女,40~49,未婚,高中及以下,651
澎湖縣,女,40~49,非未婚,大學及專科,2240
澎湖縣,女,40~49,非未婚,碩士以上,455
澎湖縣,女,40~49,非未婚,高中及以下,3497
澎湖縣,女,50~59,未婚,大學及專科,312
澎湖縣,女,50~59,未婚,碩士以上,86
澎湖縣,女,50~59,未婚,高中及以下,469
澎湖縣,女,50~59,非未婚,大學及專科,1219
澎湖縣,女,50~59,非未婚,碩士以上,250
澎湖縣,女,50~59,非未婚,高中及以下,4863
澎湖縣,女,60~69,未婚,大學及專科,81
澎湖縣,女,60~69,未婚,碩士以上,21
澎湖縣,女,60~69,未婚,高中及以下,291
澎湖縣,女,60~69,非未婚,大學及專科,617
澎湖縣,女,60~69,非未婚,碩士以上,58
澎湖縣,女,60~69,非未婚,高中及以下,3859
澎湖縣,男,15~19,未婚,大學及專科,0
澎湖縣,男,15~19,未婚,碩士以上,0
澎湖縣,男,15~19,未婚,高中及以下,2334
澎湖縣,男,15~19,非未婚,大學及專科,0
澎湖縣,男,15~19,非未婚,碩士以上,0
澎湖縣,男,15~19,非未婚,高中及以下,1
澎湖縣,男,20~29,未婚,大學及專科,3122
澎湖縣,男,20~29,未婚,碩士以上,225
澎湖縣,男,20~29,未婚,高中及以下,4440
澎湖縣,男,20~29,非未婚,大學及專科,275
澎湖縣,男,20~29,非未婚,碩士以上,11
澎湖縣,男,20~29,非未婚,高中及以下,457
澎湖縣,男,30~39,未婚,大學及專科,2395
澎湖縣,男,30~39,未婚,碩士以上,433
澎湖縣,男,30~39,未婚,高中及以下,1726
澎湖縣,男,30~39,非未婚,大學及專科,1802
澎湖縣,男,30~39,非未婚,碩士以上,338
澎湖縣,男,30~39,非未婚,高中及以下,1470
澎湖縣,男,40~49,未婚,大學及專科,693
澎湖縣,男,40~49,未婚,碩士以上,173
澎湖縣,男,40~49,未婚,高中及以下,1522
澎湖縣,男,40~49,非未婚,大學及專科,1933
澎湖縣,男,40~49,非未婚,碩士以上,683
澎湖縣,男,40~49,非未婚,高中及以下,3069
澎湖縣,男,50~59,未婚,大學及專科,205
澎湖縣,男,50~59,未婚,碩士以上,52
澎湖縣,男,50~59,未婚,高中及以下,923
澎湖縣,男,50~59,非未婚,大學及專科,1979
澎湖縣,男,50~59,非未婚,碩士以上,498
澎湖縣,男,50~59,非未婚,高中及以下,4400
澎湖縣,男,60~69,未婚,大學及專科,68
澎湖縣,男,60~69,未婚,碩士以上,14
澎湖縣,男,60~69,未婚,高中及以下,414
澎湖縣,男,60~69,非未婚,大學及專科,1316
澎湖縣,男,60~69,非未婚,碩士以上,231
澎湖縣,男,60~69,非未婚,高中及以下,4400
臺中市,女,15~19,未婚,大學及專科,0
臺中市,女,15~19,未婚,碩士以上,0
臺中市,女,15~19,未婚,高中及以下,60107
臺中市,女,15~19,非未婚,大學及專科,0
臺中市,女,15~19,非未婚,碩士以上,0
臺中市,女,15~19,非未婚,高中及以下,194
臺中市,女,20~29,未婚,大學及專科,90193
臺中市,女,20~29,未婚,碩士以上,6837
臺中市,女,20~29,未婚,高中及以下,57125
臺中市,女,20~29,非未婚,大學及專科,12206
臺中市,女,20~29,非未婚,碩士以上,623
臺中市,女,20~29,非未婚,高中及以下,11320
臺中市,女,30~39,未婚,大學及專科,58409
臺中市,女,30~39,未婚,碩士以上,9789
臺中市,女,30~39,未婚,高中及以下,16161
臺中市,女,30~39,非未婚,大學及專科,77111
臺中市,女,30~39,非未婚,碩士以上,10602
臺中市,女,30~39,非未婚,高中及以下,34304
臺中市,女,40~49,未婚,大學及專科,27902
臺中市,女,40~49,未婚,碩士以上,5793
臺中市,女,40~49,未婚,高中及以下,15803
臺中市,女,40~49,非未婚,大學及專科,95855
臺中市,女,40~49,非未婚,碩士以上,15906
臺中市,女,40~49,非未婚,高中及以下,81171
臺中市,女,50~59,未婚,大學及專科,12180
臺中市,女,50~59,未婚,碩士以上,3025
臺中市,女,50~59,未婚,高中及以下,11036
臺中市,女,50~59,非未婚,大學及專科,61090
臺中市,女,50~59,非未婚,碩士以上,11152
臺中市,女,50~59,非未婚,高中及以下,117707
臺中市,女,60~69,未婚,大學及專科,4117
臺中市,女,60~69,未婚,碩士以上,814
臺中市,女,60~69,未婚,高中及以下,6044
臺中市,女,60~69,非未婚,大學及專科,32644
臺中市,女,60~69,非未婚,碩士以上,3690
臺中市,女,60~69,非未婚,高中及以下,112098
臺中市,男,15~19,未婚,大學及專科,0
臺中市,男,15~19,未婚,碩士以上,0
臺中市,男,15~19,未婚,高中及以下,64531
臺中市,男,15~19,非未婚,大學及專科,0
臺中市,男,15~19,非未婚,碩士以上,0
臺中市,男,15~19,非未婚,高中及以下,63
臺中市,男,20~29,未婚,大學及專科,80137
臺中市,男,20~29,未婚,碩士以上,10778
臺中市,男,20~29,未婚,高中及以下,83477
臺中市,男,20~29,非未婚,大學及專科,6077
臺中市,男,20~29,非未婚,碩士以上,648
臺中市,男,20~29,非未婚,高中及以下,8582
臺中市,男,30~39,未婚,大學及專科,61302
臺中市,男,30~39,未婚,碩士以上,15090
臺中市,男,30~39,未婚,高中及以下,36132
臺中市,男,30~39,非未婚,大學及專科,51246
臺中市,男,30~39,非未婚,碩士以上,14523
臺中市,男,30~39,非未婚,高中及以下,31659
臺中市,男,40~49,未婚,大學及專科,23426
臺中市,男,40~49,未婚,碩士以上,4889
臺中市,男,40~49,未婚,高中及以下,32221
臺中市,男,40~49,非未婚,大學及專科,73570
臺中市,男,40~49,非未婚,碩士以上,23486
臺中市,男,40~49,非未婚,高中及以下,72332
臺中市,男,50~59,未婚,大學及專科,7366
臺中市,男,50~59,未婚,碩士以上,1376
臺中市,男,50~59,未婚,高中及以下,16168
臺中市,男,50~59,非未婚,大學及專科,56518
臺中市,男,50~59,非未婚,碩士以上,17338
臺中市,男,50~59,非未婚,高中及以下,95646
臺中市,男,60~69,未婚,大學及專科,1873
臺中市,男,60~69,未婚,碩士以上,357
臺中市,男,60~69,未婚,高中及以下,6540
臺中市,男,60~69,非未婚,大學及專科,41481
臺中市,男,60~69,非未婚,碩士以上,8845
臺中市,男,60~69,非未婚,高中及以下,97380
臺北市,女,15~19,未婚,大學及專科,0
臺北市,女,15~19,未婚,碩士以上,0
臺北市,女,15~19,未婚,高中及以下,43131
臺北市,女,15~19,非未婚,大學及專科,0
臺北市,女,15~19,非未婚,碩士以上,0
臺北市,女,15~19,非未婚,高中及以下,47
臺北市,女,20~29,未婚,大學及專科,66481
臺北市,女,20~29,未婚,碩士以上,6026
臺北市,女,20~29,未婚,高中及以下,40090
臺北市,女,20~29,非未婚,大學及專科,6408
臺北市,女,20~29,非未婚,碩士以上,550
臺北市,女,20~29,非未婚,高中及以下,3605
臺北市,女,30~39,未婚,大學及專科,53266
臺北市,女,30~39,未婚,碩士以上,11659
臺北市,女,30~39,未婚,高中及以下,11227
臺北市,女,30~39,非未婚,大學及專科,61237
臺北市,女,30~39,非未婚,碩士以上,15411
臺北市,女,30~39,非未婚,高中及以下,14437
臺北市,女,40~49,未婚,大學及專科,33039
臺北市,女,40~49,未婚,碩士以上,8838
臺北市,女,40~49,未婚,高中及以下,11371
臺北市,女,40~49,非未婚,大學及專科,100197
臺北市,女,40~49,非未婚,碩士以上,30067
臺北市,女,40~49,非未婚,高中及以下,34532
臺北市,女,50~59,未婚,大學及專科,21066
臺北市,女,50~59,未婚,碩士以上,7075
臺北市,女,50~59,未婚,高中及以下,11741
臺北市,女,50~59,非未婚,大學及專科,76032
臺北市,女,50~59,非未婚,碩士以上,21582
臺北市,女,50~59,非未婚,高中及以下,58490
臺北市,女,60~69,未婚,大學及專科,11772
臺北市,女,60~69,未婚,碩士以上,3079
臺北市,女,60~69,未婚,高中及以下,10388
臺北市,女,60~69,非未婚,大學及專科,65527
臺北市,女,60~69,非未婚,碩士以上,10233
臺北市,女,60~69,非未婚,高中及以下,81880
臺北市,男,15~19,未婚,大學及專科,0
臺北市,男,15~19,未婚,碩士以上,0
臺北市,男,15~19,未婚,高中及以下,46812
臺北市,男,15~19,非未婚,大學及專科,0
臺北市,男,15~19,非未婚,碩士以上,0
臺北市,男,15~19,非未婚,高中及以下,14
臺北市,男,20~29,未婚,大學及專科,61358
臺北市,男,20~29,未婚,碩士以上,9074
臺北市,男,20~29,未婚,高中及以下,52324
臺北市,男,20~29,非未婚,大學及專科,3007
臺北市,男,20~29,非未婚,碩士以上,539
臺北市,男,20~29,非未婚,高中及以下,2411
臺北市,男,30~39,未婚,大學及專科,52898
臺北市,男,30~39,未婚,碩士以上,16502
臺北市,男,30~39,未婚,高中及以下,18918
臺北市,男,30~39,非未婚,大學及專科,36999
臺北市,男,30~39,非未婚,碩士以上,16752
臺北市,男,30~39,非未婚,高中及以下,11659
臺北市,男,40~49,未婚,大學及專科,25466
臺北市,男,40~49,未婚,碩士以上,7670
臺北市,男,40~49,未婚,高中及以下,17708
臺北市,男,40~49,非未婚,大學及專科,71389
臺北市,男,40~49,非未婚,碩士以上,38749
臺北市,男,40~49,非未婚,高中及以下,29173
臺北市,男,50~59,未婚,大學及專科,11553
臺北市,男,50~59,未婚,碩士以上,3674
臺北市,男,50~59,未婚,高中及以下,12756
臺北市,男,50~59,非未婚,大學及專科,63171
臺北市,男,50~59,非未婚,碩士以上,32592
臺北市,男,50~59,非未婚,高中及以下,44727
臺北市,男,60~69,未婚,大學及專科,5260
臺北市,男,60~69,未婚,碩士以上,1790
臺北市,男,60~69,未婚,高中及以下,7440
臺北市,男,60~69,非未婚,大學及專科,65829
臺北市,男,60~69,非未婚,碩士以上,21817
臺北市,男,60~69,非未婚,高中及以下,58169
臺南市,女,15~19,未婚,大學及專科,0
臺南市,女,15~19,未婚,碩士以上,0
臺南市,女,15~19,未婚,高中及以下,34676
臺南市,女,15~19,非未婚,大學及專科,0
臺南市,女,15~19,非未婚,碩士以上,0
臺南市,女,15~19,非未婚,高中及以下,107
臺南市,女,20~29,未婚,大學及專科,54156
臺南市,女,20~29,未婚,碩士以上,4462
臺南市,女,20~29,未婚,高中及以下,32482
臺南市,女,20~29,非未婚,大學及專科,6408
臺南市,女,20~29,非未婚,碩士以上,407
臺南市,女,20~29,非未婚,高中及以下,6145
臺南市,女,30~39,未婚,大學及專科,38794
臺南市,女,30~39,未婚,碩士以上,7116
臺南市,女,30~39,未婚,高中及以下,10401
臺南市,女,30~39,非未婚,大學及專科,41979
臺南市,女,30~39,非未婚,碩士以上,6466
臺南市,女,30~39,非未婚,高中及以下,20259
臺南市,女,40~49,未婚,大學及專科,20136
臺南市,女,40~49,未婚,碩士以上,4027
臺南市,女,40~49,未婚,高中及以下,11339
臺南市,女,40~49,非未婚,大學及專科,57391
臺南市,女,40~49,非未婚,碩士以上,9829
臺南市,女,40~49,非未婚,高中及以下,51569
臺南市,女,50~59,未婚,大學及專科,8475
臺南市,女,50~59,未婚,碩士以上,1864
臺南市,女,50~59,未婚,高中及以下,8428
臺南市,女,50~59,非未婚,大學及專科,33640
臺南市,女,50~59,非未婚,碩士以上,5881
臺南市,女,50~59,非未婚,高中及以下,79376
臺南市,女,60~69,未婚,大學及專科,2561
臺南市,女,60~69,未婚,碩士以上,435
臺南市,女,60~69,未婚,高中及以下,4432
臺南市,女,60~69,非未婚,大學及專科,16533
臺南市,女,60~69,非未婚,碩士以上,1746
臺南市,女,60~69,非未婚,高中及以下,71369
臺南市,男,15~19,未婚,大學及專科,0
臺南市,男,15~19,未婚,碩士以上,0
臺南市,男,15~19,未婚,高中及以下,37818
臺南市,男,15~19,非未婚,大學及專科,0
臺南市,男,15~19,非未婚,碩士以上,0
臺南市,男,15~19,非未婚,高中及以下,36
臺南市,男,20~29,未婚,大學及專科,48853
臺南市,男,20~29,未婚,碩士以上,7010
臺南市,男,20~29,未婚,高中及以下,48889
臺南市,男,20~29,非未婚,大學及專科,3371
臺南市,男,20~29,非未婚,碩士以上,495
臺南市,男,20~29,非未婚,高中及以下,4624
臺南市,男,30~39,未婚,大學及專科,41786
臺南市,男,30~39,未婚,碩士以上,11374
臺南市,男,30~39,未婚,高中及以下,23486
臺南市,男,30~39,非未婚,大學及專科,28997
臺南市,男,30~39,非未婚,碩士以上,9955
臺南市,男,30~39,非未婚,高中及以下,17422
臺南市,男,40~49,未婚,大學及專科,18575
臺南市,男,40~49,未婚,碩士以上,3919
臺南市,男,40~49,未婚,高中及以下,24568
臺南市,男,40~49,非未婚,大學及專科,47355
臺南市,男,40~49,非未婚,碩士以上,16387
臺南市,男,40~49,非未婚,高中及以下,43351
臺南市,男,50~59,未婚,大學及專科,5769
臺南市,男,50~59,未婚,碩士以上,978
臺南市,男,50~59,未婚,高中及以下,14569
臺南市,男,50~59,非未婚,大學及專科,37598
臺南市,男,50~59,非未婚,碩士以上,10946
臺南市,男,50~59,非未婚,高中及以下,64935
臺南市,男,60~69,未婚,大學及專科,1486
臺南市,男,60~69,未婚,碩士以上,217
臺南市,男,60~69,未婚,高中及以下,6417
臺南市,男,60~69,非未婚,大學及專科,27673
臺南市,男,60~69,非未婚,碩士以上,4963
臺南市,男,60~69,非未婚,高中及以下,72480
臺東縣,女,15~19,未婚,大學及專科,0
臺東縣,女,15~19,未婚,碩士以上,0
臺東縣,女,15~19,未婚,高中及以下,4136
臺東縣,女,15~19,非未婚,大學及專科,0
臺東縣,女,15~19,非未婚,碩士以上,0
臺東縣,女,15~19,非未婚,高中及以下,26
臺東縣,女,20~29,未婚,大學及專科,5581
臺東縣,女,20~29,未婚,碩士以上,243
臺東縣,女,20~29,未婚,高中及以下,4878
臺東縣,女,20~29,非未婚,大學及專科,744
臺東縣,女,20~29,非未婚,碩士以上,18
臺東縣,女,20~29,非未婚,高中及以下,1575
臺東縣,女,30~39,未婚,大學及專科,3299
臺東縣,女,30~39,未婚,碩士以上,447
臺東縣,女,30~39,未婚,高中及以下,1802
臺東縣,女,30~39,非未婚,大學及專科,3102
臺東縣,女,30~39,非未婚,碩士以上,358
臺東縣,女,30~39,非未婚,高中及以下,3342
臺東縣,女,40~49,未婚,大學及專科,1506
臺東縣,女,40~49,未婚,碩士以上,303
臺東縣,女,40~49,未婚,高中及以下,1477
臺東縣,女,40~49,非未婚,大學及專科,3792
臺東縣,女,40~49,非未婚,碩士以上,659
臺東縣,女,40~49,非未婚,高中及以下,6697
臺東縣,女,50~59,未婚,大學及專科,600
臺東縣,女,50~59,未婚,碩士以上,136
臺東縣,女,50~59,未婚,高中及以下,968
臺東縣,女,50~59,非未婚,大學及專科,2815
臺東縣,女,50~59,非未婚,碩士以上,587
臺東縣,女,50~59,非未婚,高中及以下,9309
臺東縣,女,60~69,未婚,大學及專科,169
臺東縣,女,60~69,未婚,碩士以上,44
臺東縣,女,60~69,未婚,高中及以下,425
臺東縣,女,60~69,非未婚,大學及專科,1492
臺東縣,女,60~69,非未婚,碩士以上,206
臺東縣,女,60~69,非未婚,高中及以下,7590
臺東縣,男,15~19,未婚,大學及專科,0
臺東縣,男,15~19,未婚,碩士以上,0
臺東縣,男,15~19,未婚,高中及以下,4626
臺東縣,男,15~19,非未婚,大學及專科,0
臺東縣,男,15~19,非未婚,碩士以上,0
臺東縣,男,15~19,非未婚,高中及以下,4
臺東縣,男,20~29,未婚,大學及專科,4154
臺東縣,男,20~29,未婚,碩士以上,286
臺東縣,男,20~29,未婚,高中及以下,7941
臺東縣,男,20~29,非未婚,大學及專科,344
臺東縣,男,20~29,非未婚,碩士以上,21
臺東縣,男,20~29,非未婚,高中及以下,1380
臺東縣,男,30~39,未婚,大學及專科,3319
臺東縣,男,30~39,未婚,碩士以上,562
臺東縣,男,30~39,未婚,高中及以下,4218
臺東縣,男,30~39,非未婚,大學及專科,2151
臺東縣,男,30~39,非未婚,碩士以上,336
臺東縣,男,30~39,非未婚,高中及以下,3563
臺東縣,男,40~49,未婚,大學及專科,1297
臺東縣,男,40~49,未婚,碩士以上,258
臺東縣,男,40~49,未婚,高中及以下,3939
臺東縣,男,40~49,非未婚,大學及專科,2854
臺東縣,男,40~49,非未婚,碩士以上,784
臺東縣,男,40~49,非未婚,高中及以下,6387
臺東縣,男,50~59,未婚,大學及專科,431
臺東縣,男,50~59,未婚,碩士以上,75
臺東縣,男,50~59,未婚,高中及以下,2853
臺東縣,男,50~59,非未婚,大學及專科,2929
臺東縣,男,50~59,非未婚,碩士以上,776
臺東縣,男,50~59,非未婚,高中及以下,9407
臺東縣,男,60~69,未婚,大學及專科,122
臺東縣,男,60~69,未婚,碩士以上,14
臺東縣,男,60~69,未婚,高中及以下,1142
臺東縣,男,60~69,非未婚,大學及專科,2278
臺東縣,男,60~69,非未婚,碩士以上,362
臺東縣,男,60~69,非未婚,高中及以下,8376
花蓮縣,女,15~19,未婚,大學及專科,0
花蓮縣,女,15~19,未婚,碩士以上,0
花蓮縣,女,15~19,未婚,高中及以下,6094
花蓮縣,女,15~19,非未婚,大學及專科,0
花蓮縣,女,15~19,非未婚,碩士以上,0
花蓮縣,女,15~19,非未婚,高中及以下,48
花蓮縣,女,20~29,未婚,大學及專科,8045
花蓮縣,女,20~29,未婚,碩士以上,415
花蓮縣,女,20~29,未婚,高中及以下,7087
花蓮縣,女,20~29,非未婚,大學及專科,1238
花蓮縣,女,20~29,非未婚,碩士以上,32
花蓮縣,女,20~29,非未婚,高中及以下,2395
花蓮縣,女,30~39,未婚,大學及專科,5421
花蓮縣,女,30~39,未婚,碩士以上,799
花蓮縣,女,30~39,未婚,高中及以下,2506
花蓮縣,女,30~39,非未婚,大學及專科,5463
花蓮縣,女,30~39,非未婚,碩士以上,570
花蓮縣,女,30~39,非未婚,高中及以下,4579
花蓮縣,女,40~49,未婚,大學及專科,2730
花蓮縣,女,40~49,未婚,碩士以上,613
花蓮縣,女,40~49,未婚,高中及以下,2094
花蓮縣,女,40~49,非未婚,大學及專科,7238
花蓮縣,女,40~49,非未婚,碩士以上,1269
花蓮縣,女,40~49,非未婚,高中及以下,9142
花蓮縣,女,50~59,未婚,大學及專科,1238
花蓮縣,女,50~59,未婚,碩士以上,370
花蓮縣,女,50~59,未婚,高中及以下,1452
花蓮縣,女,50~59,非未婚,大學及專科,5429
花蓮縣,女,50~59,非未婚,碩士以上,1155
花蓮縣,女,50~59,非未婚,高中及以下,13451
花蓮縣,女,60~69,未婚,大學及專科,443
花蓮縣,女,60~69,未婚,碩士以上,82
花蓮縣,女,60~69,未婚,高中及以下,825
花蓮縣,女,60~69,非未婚,大學及專科,3201
花蓮縣,女,60~69,非未婚,碩士以上,378
花蓮縣,女,60~69,非未婚,高中及以下,13826
花蓮縣,男,15~19,未婚,大學及專科,0
花蓮縣,男,15~19,未婚,碩士以上,0
花蓮縣,男,15~19,未婚,高中及以下,6690
花蓮縣,男,15~19,非未婚,大學及專科,0
花蓮縣,男,15~19,非未婚,碩士以上,0
花蓮縣,男,15~19,非未婚,高中及以下,16
花蓮縣,男,20~29,未婚,大學及專科,6731
花蓮縣,男,20~29,未婚,碩士以上,549
花蓮縣,男,20~29,未婚,高中及以下,11206
花蓮縣,男,20~29,非未婚,大學及專科,534
花蓮縣,男,20~29,非未婚,碩士以上,29
花蓮縣,男,20~29,非未婚,高中及以下,1937
花蓮縣,男,30~39,未婚,大學及專科,5722
花蓮縣,男,30~39,未婚,碩士以上,965
花蓮縣,男,30~39,未婚,高中及以下,5619
花蓮縣,男,30~39,非未婚,大學及專科,3809
花蓮縣,男,30~39,非未婚,碩士以上,624
花蓮縣,男,30~39,非未婚,高中及以下,4734
花蓮縣,男,40~49,未婚,大學及專科,2549
花蓮縣,男,40~49,未婚,碩士以上,445
花蓮縣,男,40~49,未婚,高中及以下,5437
花蓮縣,男,40~49,非未婚,大學及專科,5479
花蓮縣,男,40~49,非未婚,碩士以上,1447
花蓮縣,男,40~49,非未婚,高中及以下,8600
花蓮縣,男,50~59,未婚,大學及專科,913
花蓮縣,男,50~59,未婚,碩士以上,151
花蓮縣,男,50~59,未婚,高中及以下,3554
花蓮縣,男,50~59,非未婚,大學及專科,5690
花蓮縣,男,50~59,非未婚,碩士以上,1472
花蓮縣,男,50~59,非未婚,高中及以下,12366
花蓮縣,男,60~69,未婚,大學及專科,333
花蓮縣,男,60~69,未婚,碩士以上,36
花蓮縣,男,60~69,未婚,高中及以下,1714
花蓮縣,男,60~69,非未婚,大學及專科,4823
花蓮縣,男,60~69,非未婚,碩士以上,764
花蓮縣,男,60~69,非未婚,高中及以下,12641
苗栗縣,女,15~19,未婚,大學及專科,0
苗栗縣,女,15~19,未婚,碩士以上,0
苗栗縣,女,15~19,未婚,高中及以下,10940
苗栗縣,女,15~19,非未婚,大學及專科,0
苗栗縣,女,15~19,非未婚,碩士以上,0
苗栗縣,女,15~19,非未婚,高中及以下,54
苗栗縣,女,20~29,未婚,大學及專科,15337
苗栗縣,女,20~29,未婚,碩士以上,1084
苗栗縣,女,20~29,未婚,高中及以下,10389
苗栗縣,女,20~29,非未婚,大學及專科,2005
苗栗縣,女,20~29,非未婚,碩士以上,94
苗栗縣,女,20~29,非未婚,高中及以下,2623
苗栗縣,女,30~39,未婚,大學及專科,9292
苗栗縣,女,30~39,未婚,碩士以上,1454
苗栗縣,女,30~39,未婚,高中及以下,3159
苗栗縣,女,30~39,非未婚,大學及專科,10978
苗栗縣,女,30~39,非未婚,碩士以上,1271
苗栗縣,女,30~39,非未婚,高中及以下,7508
苗栗縣,女,40~49,未婚,大學及專科,4060
苗栗縣,女,40~49,未婚,碩士以上,704
苗栗縣,女,40~49,未婚,高中及以下,2562
苗栗縣,女,40~49,非未婚,大學及專科,14125
苗栗縣,女,40~49,非未婚,碩士以上,2011
苗栗縣,女,40~49,非未婚,高中及以下,17242
苗栗縣,女,50~59,未婚,大學及專科,1537
苗栗縣,女,50~59,未婚,碩士以上,336
苗栗縣,女,50~59,未婚,高中及以下,1784
苗栗縣,女,50~59,非未婚,大學及專科,7458
苗栗縣,女,50~59,非未婚,碩士以上,1289
苗栗縣,女,50~59,非未婚,高中及以下,24381
苗栗縣,女,60~69,未婚,大學及專科,424
苗栗縣,女,60~69,未婚,碩士以上,62
苗栗縣,女,60~69,未婚,高中及以下,955
苗栗縣,女,60~69,非未婚,大學及專科,3674
苗栗縣,女,60~69,非未婚,碩士以上,342
苗栗縣,女,60~69,非未婚,高中及以下,23969
苗栗縣,男,15~19,未婚,大學及專科,0
苗栗縣,男,15~19,未婚,碩士以上,0
苗栗縣,男,15~19,未婚,高中及以下,12300
苗栗縣,男,15~19,非未婚,大學及專科,0
苗栗縣,男,15~19,非未婚,碩士以上,0
苗栗縣,男,15~19,非未婚,高中及以下,19
苗栗縣,男,20~29,未婚,大學及專科,13740
苗栗縣,男,20~29,未婚,碩士以上,1616
苗栗縣,男,20~29,未婚,高中及以下,17151
苗栗縣,男,20~29,非未婚,大學及專科,1186
苗栗縣,男,20~29,非未婚,碩士以上,124
苗栗縣,男,20~29,非未婚,高中及以下,2230
苗栗縣,男,30~39,未婚,大學及專科,11134
苗栗縣,男,30~39,未婚,碩士以上,2474
苗栗縣,男,30~39,未婚,高中及以下,8181
苗栗縣,男,30~39,非未婚,大學及專科,8487
苗栗縣,男,30~39,非未婚,碩士以上,2292
苗栗縣,男,30~39,非未婚,高中及以下,6989
苗栗縣,男,40~49,未婚,大學及專科,4533
苗栗縣,男,40~49,未婚,碩士以上,775
苗栗縣,男,40~49,未婚,高中及以下,6787
苗栗縣,男,40~49,非未婚,大學及專科,13143
苗栗縣,男,40~49,非未婚,碩士以上,3600
苗栗縣,男,40~49,非未婚,高中及以下,14760
苗栗縣,男,50~59,未婚,大學及專科,1200
苗栗縣,男,50~59,未婚,碩士以上,181
苗栗縣,男,50~59,未婚,高中及以下,3831
苗栗縣,男,50~59,非未婚,大學及專科,9776
苗栗縣,男,50~59,非未婚,碩士以上,2351
苗栗縣,男,50~59,非未婚,高中及以下,23540
苗栗縣,男,60~69,未婚,大學及專科,309
苗栗縣,男,60~69,未婚,碩士以上,45
苗栗縣,男,60~69,未婚,高中及以下,1732
苗栗縣,男,60~69,非未婚,大學及專科,7043
苗栗縣,男,60~69,非未婚,碩士以上,968
苗栗縣,男,60~69,非未婚,高中及以下,25334
連江縣,女,15~19,未婚,大學及專科,0
連江縣,女,15~19,未婚,碩士以上,0
連江縣,女,15~19,未婚,高中及以下,214
連江縣,女,15~19,非未婚,大學及專科,0
連江縣,女,15~19,非未婚,碩士以上,0
連江縣,女,15~19,非未婚,高中及以下,0
連江縣,女,20~29,未婚,大學及專科,451
連江縣,女,20~29,未婚,碩士以上,28
連江縣,女,20~29,未婚,高中及以下,275
連江縣,女,20~29,非未婚,大學及專科,69
連江縣,女,20~29,非未婚,碩士以上,2
連江縣,女,20~29,非未婚,高中及以下,61
連江縣,女,30~39,未婚,大學及專科,316
連江縣,女,30~39,未婚,碩士以上,59
連江縣,女,30~39,未婚,高中及以下,52
連江縣,女,30~39,非未婚,大學及專科,340
連江縣,女,30~39,非未婚,碩士以上,53
連江縣,女,30~39,非未婚,高中及以下,127
連江縣,女,40~49,未婚,大學及專科,94
連江縣,女,40~49,未婚,碩士以上,28
連江縣,女,40~49,未婚,高中及以下,51
連江縣,女,40~49,非未婚,大學及專科,352
連江縣,女,40~49,非未婚,碩士以上,61
連江縣,女,40~49,非未婚,高中及以下,311
連江縣,女,50~59,未婚,大學及專科,33
連江縣,女,50~59,未婚,碩士以上,18
連江縣,女,50~59,未婚,高中及以下,35
連江縣,女,50~59,非未婚,大學及專科,206
連江縣,女,50~59,非未婚,碩士以上,45
連江縣,女,50~59,非未婚,高中及以下,470
連江縣,女,60~69,未婚,大學及專科,5
連江縣,女,60~69,未婚,碩士以上,3
連江縣,女,60~69,未婚,高中及以下,14
連江縣,女,60~69,非未婚,大學及專科,85
連江縣,女,60~69,非未婚,碩士以上,15
連江縣,女,60~69,非未婚,高中及以下,423
連江縣,男,15~19,未婚,大學及專科,0
連江縣,男,15~19,未婚,碩士以上,0
連江縣,男,15~19,未婚,高中及以下,264
連江縣,男,15~19,非未婚,大學及專科,0
連江縣,男,15~19,非未婚,碩士以上,0
連江縣,男,15~19,非未婚,高中及以下,0
連江縣,男,20~29,未婚,大學及專科,550
連江縣,男,20~29,未婚,碩士以上,29
連江縣,男,20~29,未婚,高中及以下,589
連江縣,男,20~29,非未婚,大學及專科,50
連江縣,男,20~29,非未婚,碩士以上,3
連江縣,男,20~29,非未婚,高中及以下,67
連江縣,男,30~39,未婚,大學及專科,419
連江縣,男,30~39,未婚,碩士以上,80
連江縣,男,30~39,未婚,高中及以下,240
連江縣,男,30~39,非未婚,大學及專科,353
連江縣,男,30~39,非未婚,碩士以上,66
連江縣,男,30~39,非未婚,高中及以下,189
連江縣,男,40~49,未婚,大學及專科,112
連江縣,男,40~49,未婚,碩士以上,30
連江縣,男,40~49,未婚,高中及以下,147
連江縣,男,40~49,非未婚,大學及專科,414
連江縣,男,40~49,非未婚,碩士以上,130
連江縣,男,40~49,非未婚,高中及以下,339
連江縣,男,50~59,未婚,大學及專科,36
連江縣,男,50~59,未婚,碩士以上,7
連江縣,男,50~59,未婚,高中及以下,95
連江縣,男,50~59,非未婚,大學及專科,345
連江縣,男,50~59,非未婚,碩士以上,104
連江縣,男,50~59,非未婚,高中及以下,693
連江縣,男,60~69,未婚,大學及專科,8
連江縣,男,60~69,未婚,碩士以上,1
連江縣,男,60~69,未婚,高中及以下,35
連江縣,男,60~69,非未婚,大學及專科,295
連江縣,男,60~69,非未婚,碩士以上,67
連江縣,男,60~69,非未婚,高中及以下,675
金門縣,女,15~19,未婚,大學及專科,0
金門縣,女,15~19,未婚,碩士以上,0
金門縣,女,15~19,未婚,高中及以下,2596
金門縣,女,15~19,非未婚,大學及專科,0
金門縣,女,15~19,非未婚,碩士以上,0
金門縣,女,15~19,非未婚,高中及以下,10
金門縣,女,20~29,未婚,大學及專科,5600
金門縣,女,20~29,未婚,碩士以上,435
金門縣,女,20~29,未婚,高中及以下,3289
金門縣,女,20~29,非未婚,大學及專科,771
金門縣,女,20~29,非未婚,碩士以上,57
金門縣,女,20~29,非未婚,高中及以下,548
金門縣,女,30~39,未婚,大學及專科,3199
金門縣,女,30~39,未婚,碩士以上,557
金門縣,女,30~39,未婚,高中及以下,722
金門縣,女,30~39,非未婚,大學及專科,3901
金門縣,女,30~39,非未婚,碩士以上,627
金門縣,女,30~39,非未婚,高中及以下,1568
金門縣,女,40~49,未婚,大學及專科,1091
金門縣,女,40~49,未婚,碩士以上,271
金門縣,女,40~49,未婚,高中及以下,562
金門縣,女,40~49,非未婚,大學及專科,3800
金門縣,女,40~49,非未婚,碩士以上,688
金門縣,女,40~49,非未婚,高中及以下,3722
金門縣,女,50~59,未婚,大學及專科,507
金門縣,女,50~59,未婚,碩士以上,105
金門縣,女,50~59,未婚,高中及以下,583
金門縣,女,50~59,非未婚,大學及專科,3125
金門縣,女,50~59,非未婚,碩士以上,478
金門縣,女,50~59,非未婚,高中及以下,7356
金門縣,女,60~69,未婚,大學及專科,146
金門縣,女,60~69,未婚,碩士以上,23
金門縣,女,60~69,未婚,高中及以下,276
金門縣,女,60~69,非未婚,大學及專科,1645
金門縣,女,60~69,非未婚,碩士以上,179
金門縣,女,60~69,非未婚,高中及以下,6705
金門縣,男,15~19,未婚,大學及專科,0
金門縣,男,15~19,未婚,碩士以上,0
金門縣,男,15~19,未婚,高中及以下,2777
金門縣,男,15~19,非未婚,大學及專科,0
金門縣,男,15~19,非未婚,碩士以上,0
金門縣,男,15~19,非未婚,高中及以下,3
金門縣,男,20~29,未婚,大學及專科,4776
金門縣,男,20~29,未婚,碩士以上,528
金門縣,男,20~29,未婚,高中及以下,4846
金門縣,男,20~29,非未婚,大學及專科,405
金門縣,男,20~29,非未婚,碩士以上,36
金門縣,男,20~29,非未婚,高中及以下,386
金門縣,男,30~39,未婚,大學及專科,3313
金門縣,男,30~39,未婚,碩士以上,758
金門縣,男,30~39,未婚,高中及以下,1698
金門縣,男,30~39,非未婚,大學及專科,2820
金門縣,男,30~39,非未婚,碩士以上,709
金門縣,男,30~39,非未婚,高中及以下,1508
金門縣,男,40~49,未婚,大學及專科,1016
金門縣,男,40~49,未婚,碩士以上,240
金門縣,男,40~49,未婚,高中及以下,1061
金門縣,男,40~49,非未婚,大學及專科,3334
金門縣,男,40~49,非未婚,碩士以上,1226
金門縣,男,40~49,非未婚,高中及以下,2736
金門縣,男,50~59,未婚,大學及專科,357
金門縣,男,50~59,未婚,碩士以上,67
金門縣,男,50~59,未婚,高中及以下,742
金門縣,男,50~59,非未婚,大學及專科,3910
金門縣,男,50~59,非未婚,碩士以上,1189
金門縣,男,50~59,非未婚,高中及以下,5804
金門縣,男,60~69,未婚,大學及專科,112
金門縣,男,60~69,未婚,碩士以上,14
金門縣,男,60~69,未婚,高中及以下,301
金門縣,男,60~69,非未婚,大學及專科,3620
金門縣,男,60~69,非未婚,碩士以上,732
金門縣,男,60~69,非未婚,高中及以下,6203
雲林縣,女,15~19,未婚,大學及專科,0
雲林縣,女,15~19,未婚,碩士以上,0
雲林縣,女,15~19,未婚,高中及以下,13214
雲林縣,女,15~19,非未婚,大學及專科,0
雲林縣,女,15~19,非未婚,碩士以上,0
雲林縣,女,15~19,非未婚,高中及以下,69
雲林縣,女,20~29,未婚,大學及專科,19528
雲林縣,女,20~29,未婚,碩士以上,1220
雲林縣,女,20~29,未婚,高中及以下,13153
雲林縣,女,20~29,非未婚,大學及專科,2493
雲林縣,女,20~29,非未婚,碩士以上,97
雲林縣,女,20~29,非未婚,高中及以下,3415
雲林縣,女,30~39,未婚,大學及專科,11034
雲林縣,女,30~39,未婚,碩士以上,1702
雲林縣,女,30~39,未婚,高中及以下,3812
雲林縣,女,30~39,非未婚,大學及專科,11296
雲林縣,女,30~39,非未婚,碩士以上,1209
雲林縣,女,30~39,非未婚,高中及以下,8785
雲林縣,女,40~49,未婚,大學及專科,5279
雲林縣,女,40~49,未婚,碩士以上,942
雲林縣,女,40~49,未婚,高中及以下,3777
雲林縣,女,40~49,非未婚,大學及專科,14124
雲林縣,女,40~49,非未婚,碩士以上,1952
雲林縣,女,40~49,非未婚,高中及以下,22758
雲林縣,女,50~59,未婚,大學及專科,1642
雲林縣,女,50~59,未婚,碩士以上,358
雲林縣,女,50~59,未婚,高中及以下,2305
雲林縣,女,50~59,非未婚,大學及專科,7247
雲林縣,女,50~59,非未婚,碩士以上,1345
雲林縣,女,50~59,非未婚,高中及以下,28893
雲林縣,女,60~69,未婚,大學及專科,403
雲林縣,女,60~69,未婚,碩士以上,58
雲林縣,女,60~69,未婚,高中及以下,975
雲林縣,女,60~69,非未婚,大學及專科,3245
雲林縣,女,60~69,非未婚,碩士以上,326
雲林縣,女,60~69,非未婚,高中及以下,21063
雲林縣,男,15~19,未婚,大學及專科,0
雲林縣,男,15~19,未婚,碩士以上,0
雲林縣,男,15~19,未婚,高中及以下,14722
雲林縣,男,15~19,非未婚,大學及專科,0
雲林縣,男,15~19,非未婚,碩士以上,0
雲林縣,男,15~19,非未婚,高中及以下,25
雲林縣,男,20~29,未婚,大學及專科,17114
雲林縣,男,20~29,未婚,碩士以上,1848
雲林縣,男,20~29,未婚,高中及以下,21383
雲林縣,男,20~29,非未婚,大學及專科,1411
雲林縣,男,20~29,非未婚,碩士以上,101
雲林縣,男,20~29,非未婚,高中及以下,2969
雲林縣,男,30~39,未婚,大學及專科,12158
雲林縣,男,30~39,未婚,碩士以上,2486
雲林縣,男,30~39,未婚,高中及以下,9756
雲林縣,男,30~39,非未婚,大學及專科,8869
雲林縣,男,30~39,非未婚,碩士以上,1734
雲林縣,男,30~39,非未婚,高中及以下,8476
雲林縣,男,40~49,未婚,大學及專科,4683
雲林縣,男,40~49,未婚,碩士以上,851
雲林縣,男,40~49,未婚,高中及以下,9491
雲林縣,男,40~49,非未婚,大學及專科,12276
雲林縣,男,40~49,非未婚,碩士以上,2777
雲林縣,男,40~49,非未婚,高中及以下,22868
雲林縣,男,50~59,未婚,大學及專科,1217
雲林縣,男,50~59,未婚,碩士以上,198
雲林縣,男,50~59,未婚,高中及以下,4732
雲林縣,男,50~59,非未婚,大學及專科,10277
雲林縣,男,50~59,非未婚,碩士以上,2212
雲林縣,男,50~59,非未婚,高中及以下,33753
雲林縣,男,60~69,未婚,大學及專科,307
雲林縣,男,60~69,未婚,碩士以上,40
雲林縣,男,60~69,未婚,高中及以下,1795
雲林縣,男,60~69,非未婚,大學及專科,6731
雲林縣,男,60~69,非未婚,碩士以上,967
雲林縣,男,60~69,非未婚,高中及以下,29321
高雄市,女,15~19,未婚,大學及專科,0
高雄市,女,15~19,未婚,碩士以上,0
高雄市,女,15~19,未婚,高中及以下,51057
高雄市,女,15~19,非未婚,大學及專科,0
高雄市,女,15~19,非未婚,碩士以上,0
高雄市,女,15~19,非未婚,高中及以下,173
高雄市,女,20~29,未婚,大學及專科,79679
高雄市,女,20~29,未婚,碩士以上,6132
高雄市,女,20~29,未婚,高中及以下,50835
高雄市,女,20~29,非未婚,大學及專科,10114
高雄市,女,20~29,非未婚,碩士以上,503
高雄市,女,20~29,非未婚,高中及以下,10333
高雄市,女,30~39,未婚,大學及專科,54774
高雄市,女,30~39,未婚,碩士以上,10172
高雄市,女,30~39,未婚,高中及以下,16026
高雄市,女,30~39,非未婚,大學及專科,60510
高雄市,女,30~39,非未婚,碩士以上,8810
高雄市,女,30~39,非未婚,高中及以下,30098
高雄市,女,40~49,未婚,大學及專科,31870
高雄市,女,40~49,未婚,碩士以上,6520
高雄市,女,40~49,未婚,高中及以下,17610
高雄市,女,40~49,非未婚,大學及專科,83399
高雄市,女,40~49,非未婚,碩士以上,13934
高雄市,女,40~49,非未婚,高中及以下,76727
高雄市,女,50~59,未婚,大學及專科,14514
高雄市,女,50~59,未婚,碩士以上,3224
高雄市,女,50~59,未婚,高中及以下,14171
高雄市,女,50~59,非未婚,大學及專科,53266
高雄市,女,50~59,非未婚,碩士以上,9467
高雄市,女,50~59,非未婚,高中及以下,116814
高雄市,女,60~69,未婚,大學及專科,4354
高雄市,女,60~69,未婚,碩士以上,787
高雄市,女,60~69,未婚,高中及以下,8083
高雄市,女,60~69,非未婚,大學及專科,29647
高雄市,女,60~69,非未婚,碩士以上,3206
高雄市,女,60~69,非未婚,高中及以下,118407
高雄市,男,15~19,未婚,大學及專科,0
高雄市,男,15~19,未婚,碩士以上,0
高雄市,男,15~19,未婚,高中及以下,55809
高雄市,男,15~19,非未婚,大學及專科,0
高雄市,男,15~19,非未婚,碩士以上,0
高雄市,男,15~19,非未婚,高中及以下,63
高雄市,男,20~29,未婚,大學及專科,70460
高雄市,男,20~29,未婚,碩士以上,9394
高雄市,男,20~29,未婚,高中及以下,75950
高雄市,男,20~29,非未婚,大學及專科,4788
高雄市,男,20~29,非未婚,碩士以上,531
高雄市,男,20~29,非未婚,高中及以下,7633
高雄市,男,30~39,未婚,大學及專科,59380
高雄市,男,30~39,未婚,碩士以上,15279
高雄市,男,30~39,未婚,高中及以下,35860
高雄市,男,30~39,非未婚,大學及專科,40538
高雄市,男,30~39,非未婚,碩士以上,11521
高雄市,男,30~39,非未婚,高中及以下,26485
高雄市,男,40~49,未婚,大學及專科,28031
高雄市,男,40~49,未婚,碩士以上,6002
高雄市,男,40~49,未婚,高中及以下,37725
高雄市,男,40~49,非未婚,大學及專科,66539
高雄市,男,40~49,非未婚,碩士以上,21299
高雄市,男,40~49,非未婚,高中及以下,64144
高雄市,男,50~59,未婚,大學及專科,9641
高雄市,男,50~59,未婚,碩士以上,1710
高雄市,男,50~59,未婚,高中及以下,22833
高雄市,男,50~59,非未婚,大學及專科,58392
高雄市,男,50~59,非未婚,碩士以上,16294
高雄市,男,50~59,非未婚,高中及以下,94514
高雄市,男,60~69,未婚,大學及專科,2673
高雄市,男,60~69,未婚,碩士以上,407
高雄市,男,60~69,未婚,高中及以下,9785
高雄市,男,60~69,非未婚,大學及專科,48027
高雄市,男,60~69,非未婚,碩士以上,8410
高雄市,男,60~69,非未婚,高中及以下,98248
